flag	unique.sample.id	sample.id	follow.up	batch	diagnosis	genotype	jak2	calr	mpl	jak2.burden	calr.burden	date.of.birth	sex	rin	bleeding.date.dmy	extraction.date	extraction.method	date.of.diagnosis	date.diagnosis.blast.phase	date.of.death	hb.at.diagn	wbc.at.diagn	plt.at.diagn	thrombotic.events.after.diagn	date.of.first.thromb.event.after.diagnosis	library.type	read.length	percent.mapping	mapped.reads	set.number	plex.number	index.lsrs1	flowcell.number
1	P012B#E	H_0064B	B	AH	PV	JAK2-ex12	1	0	0	41	0	11.07.1940	F		21.06.2007		unknown									Scriptseq_RNA	100	68.53	33620807	SET_45	PLEX_66		D1UCJACXX
1	P001B#E	H_0010B	B	AH	PMF	CALR-type2	0	1	0	0	47.7	12.05.1922	M		08.05.2008		unknown				12.1	4.01	2530	no		Scriptseq_RNA	100	54.67	18810045	SET_45	PLEX_66		D1UCJACXX
1	P063A#E	H_0384A	A	AH	PV	JAK2-V617F	1	0	0	99	0	21.01.1939	M		09.01.2007		unknown									Scriptseq_RNA	100	57.42	28022613	SET_45	PLEX_66		D1UCJACXX
1	P025A#E	H_0156A	A	AH	PV	JAK2-V617F	1	0	0	98	0	22.07.1958	F		09.08.2006		unknown									Scriptseq_RNA	100	52.99	24739322	SET_45	PLEX_66		D1UCJACXX
0	P060A#C	H_0362A	A	CC1	PMF	CALR-type1	0	1	0	0	50	01.04.1956	M		27.11.2006		unknown									TruSeq_RNA-seq_v2	50	91.88	73246668	BSF_0046	PLEX_88		C27CJACXX
0	P045A#C	H_0221A	A	CC1	ET	CALR-type2	0	1	0	0	49.7	02.01.1937	M		05.04.2006		unknown				15.2	12.1	1600	no		TruSeq_RNA-seq_v2	50	91.13	63018562	BSF_0046	PLEX_88		C27CJACXX
1	P099A#C	H_0767A	A	CC1	PMF	CALR-type1	0	1	0	0	54	04.02.1942	M		20.03.2012		unknown									TruSeq_RNA-seq_v2	50	91.87	42164057	BSF_0046	PLEX_89		C27CJACXX
0	P039A#C	H_0191A	A	CC1	PMF	CALR-type1	0	1	0	0	65.1	04.10.1955	F		17.03.2006		unknown	03.05.2001								TruSeq_RNA-seq_v2	50	85.1	58846770	BSF_0046	PLEX_88		C27CJACXX
0	P009A#C	H_0059A	A	CC1	PMF	JAK2-V617F	1	0	0	48	0	09.01.1921	F		16.01.2006		unknown									TruSeq_RNA-seq_v2	50	91.18	65020596	BSF_0046	PLEX_88		C27CJACXX
0	P041A#C	H_0202A	A	CC1	PMF	CALR-type2	0	1	0	0	42.1	10.10.1937	F		05.09.2006		unknown	22.06.2005								TruSeq_RNA-seq_v2	50	90.32	70495060	BSF_0046	PLEX_88		C27CJACXX
0	P044A#C	H_0218A	A	CC1	PMF	JAK2-V617F			0		0	10.11.1927	F		30.01.2006		unknown									TruSeq_RNA-seq_v2	100			BSF_0046	PLEX_88		C27CJACXX
1	P098A#C	H_0766A	A	CC1	PMF	CALR-type1	0	1	0	0	21.29	11.02.1943	F		16.03.2012		unknown				13.1	13.39	1131	no		TruSeq_RNA-seq_v2	50	92.46	43586913	BSF_0046	PLEX_89		C27CJACXX
1	P100A#C	H_0772A	A	CC1	PMF	JAK2-V617F	1	0	0	51	0	14.09.1938	M		27.03.2012		unknown									TruSeq_RNA-seq_v2	50	92.53	41062857	BSF_0046	PLEX_90		C27CJACXX
1	P048A#C	H_0257A	A	CC1	PMF	CALR-type2	0	1	0	0		16.06.1947	M		27.10.2000		unknown	23.12.1997								TruSeq_RNA-seq_v2	50	92.05	61245300	BSF_0046	PLEX_90		C27CJACXX
1	P075A#C	H_0491A	A	CC1	PMF	JAK2-V617F	1	0	0	53	0	18.01.1940	M		04.02.2008		unknown									TruSeq_RNA-seq_v2	50	92.3	52695718	BSF_0046	PLEX_89		C27CJACXX
0	P070A#C	H_0457A	A	CC1	PMF	CALR-type1	0					22.05.1966	F													TruSeq_RNA-seq_v2	50			BSF_0046	PLEX_90		C27CJACXX
1	P032A#C	H_0171A	A	CC1	PMF	CALR-type2	0	1	0	0	51.8	23.07.1925	M		01.03.2006		unknown									TruSeq_RNA-seq_v2	50	87.04	38086403	BSF_0046	PLEX_90		C27CJACXX
1	P034A#C	H_0183A	A	CC1	PMF	JAK2-V617F	1	0	0	59	0	24.06.1951	F		10.03.2006		unknown									TruSeq_RNA-seq_v2	50	89.27	43317731	BSF_0046	PLEX_89		C27CJACXX
1	P021A#C	H_0333A	A	CC1	PMF	CALR-type2	0	1	0	0	20	26.05.1950	F		14.02.2006		unknown	06.11.1992								TruSeq_RNA-seq_v2	50	86.19	38148528	BSF_0046	PLEX_89		C27CJACXX
0	P092A#C	H_0741A	A	CC1	PMF	CALR-type1	0	1	0			27.07.1963	M													TruSeq_RNA-seq_v2	50			BSF_0046	PLEX_90		C27CJACXX
1	P087A#C	H_0722A	A	CC1	PMF	JAK2-V617F	1	0	0	41	0	30.08.1956	M		24.01.2012		unknown									TruSeq_RNA-seq_v2	50	92.35	46689451	BSF_0046	PLEX_90		C27CJACXX
1	C003A#C	CEMM_13	A	CC1	Control	wt	0	0	0	0	0		M				unknown									TruSeq_RNA-seq_v2	50	93.05	61032495	BSF_0046	PLEX_89		C27CJACXX
1	C004A#C	CEMM_16	A	CC1	Control	wt	0	0	0	0	0		F				unknown									TruSeq_RNA-seq_v2	50	92.48	59807554	BSF_0046	PLEX_89		C27CJACXX
1	C005A#C	CEMM_20	A	CC1	Control	wt	0	0	0	0	0		F				unknown									TruSeq_RNA-seq_v2	50	92.93	60516052	BSF_0046	PLEX_90		C27CJACXX
1	C008A#C	CEMM_36	A	CC1	Control	wt	0	0	0	0	0		F				unknown									TruSeq_RNA-seq_v2	50	93.09	67549220	BSF_0046	PLEX_90		C27CJACXX
0	C001A#C	CEMM_05	A	CC1	Control	wt	0	0	0	0	0		F				unknown									TruSeq_RNA-seq_v2	50	92.7	84296528	BSF_0046	PLEX_88		C27CJACXX
0	C016A#C	CEMM_41	A	CC1	Control	wt	0	0	0																	TruSeq_RNA-seq_v2	50			BSF_0046	PLEX_88		C27CJACXX
1	P093A#A	H_0745A	A	CC2	PMF	JAK2-V617F	1	0	0	46	0	01.01.1939	F	10	05.03.2012	03.09.2013	Promega	12.07.2011			11.9	8.5	524	no		TruSeq_RNA-seq_v2	100	90.74	57308575	BSF0122-2,BSF0124-7	3	B	
1	C005A#A	CEMM_D38	A	CC2	Control	wt	0	0	0	0	0	01.01.1952	F	10	19.06.2012	19.06.2012	unknown									TruSeq_RNA-seq_v2	100	89.05	39167385	BSF0123-3,BSF0125-6	6	F	
1	C011A#A	CEMM_D08	A	CC2	Control	wt	0	0	0	0	0	01.01.1964	M	10	05.06.2013	05.06.2013	unknown									TruSeq_RNA-seq_v2	100	89.2	82164437	BSF0122-1,BSF0124-8	1	F	
1	C006A#A	CEMM_D16	A	CC2	Control	wt	0	0	0	0	0	01.01.1968	M	10	06.07.2012	06.07.2012	unknown									TruSeq_RNA-seq_v2	100	90.39	46890658	BSF0122-2,BSF0124-7	3	E	
1	C008A#A	CEMM_D09	A	CC2	Control	wt	0	0	0	0	0	01.01.1970	F	10	08.10.2012	08.10.2012	unknown									TruSeq_RNA-seq_v2	100	88.73	33969973	BSF0123-1,BSF0125-8	2	D	
1	C004A#A	CEMM_D19	A	CC2	Control	wt	0	0	0	0	0	01.01.1971	F	10	03.07.2012	03.07.2012	unknown									TruSeq_RNA-seq_v2	100	90.16	58530720	BSF0123-2,BSF0125-7	4	D	
1	C009A#A	CEMM_D51	A	CC2	Control	wt	0	0	0	0	0	01.01.1972	M	10	19.06.2012	19.06.2012	unknown									TruSeq_RNA-seq_v2	100	89.77	45398580	BSF0122-4,BSF0124-5	7	C	
1	C012A#A	CEMM_D31	A	CC2	Control	wt	0	0	0	0	0	01.01.1974	F	10	06.07.2012	06.07.2012	unknown									TruSeq_RNA-seq_v2	100	90.57	57645927	BSF0122-3,BSF0124-6	5	D	
1	C015A#A	Control_5	A	CC2	Control	wt	0	0	0	0	0	01.01.1986	M	10	01.12.2012	01.12.2012	unknown									TruSeq_RNA-seq_v2	100	91.42	80507316	BSF0123-6,BSF0125-3	12	A	
1	C013A#A	Control_2	A	CC2	Control	wt	0	0	0	0	0	01.01.1987	F	10	01.12.2012	01.12.2012	unknown									TruSeq_RNA-seq_v2	100	90.99	48999602	BSF0122-5,BSF0124-4	9	C	
1	C014A#A	Control_3	A	CC2	Control	wt	0	0	0	0	0	01.01.1989	M	10	01.12.2012	01.12.2012	unknown									TruSeq_RNA-seq_v2	100	91.12	51157872	BSF0123-5,BSF0125-4	10	B	
1	P060A#A	H_0362A	A	CC2	PMF	CALR-type1	0	1	0	0	50.1	01.04.1956	M	10	27.11.2006		Phenol	19.09.2005			14	8.19	874	no		TruSeq_RNA-seq_v2	100	89.26	50871000	BSF0123-3,BSF0125-6	6	E	
1	P029A#A	H_0162A	A	CC2	PMF	CALR-type1	0	1	0	0	51.2	01.07.1939	M	7.7	22.02.2006		Trizol	08.01.1995			10.2	5.3	274	no		TruSeq_RNA-seq_v2	100	88.24	60356864	BSF0123-1,BSF0125-8	2	B	
1	P023A#A	H_0125A	A	CC2	ET	CALR-type1	0	1	0	0	40.6	01.12.1944	F	8.2	30.05.2012	03.06.2014	Phenol	12.06.2000			13.6	7.12	906	no		TruSeq_RNA-seq_v2	100	91.3	60040666	BSF0122-7,BSF0124-2	13	A	
1	P006C#A	H_0035C	C	CC2	PMF	CALR-type1	0	1	0	0	67.6	01.12.1949	M	8.2	27.04.2012	27.05.2014	unknown	21.11.2001			14.1	9.5	1249	no		TruSeq_RNA-seq_v2	100	89.91	32899812	BSF0123-8,BSF0125-1	16	E	
1	P045A#A	H_0221A	A	CC2	ET	CALR-type2	0	1	0	0	49.7	02.01.1937	M	8.4	05.04.2006		unknown	18.04.1991			15.2	12.1	1600	no		TruSeq_RNA-seq_v2	100	89.22	44677066	BSF0123-7,BSF0125-2	14	E	
1	P105A#A	H_0800A	A	CC2	PMF	JAK2-V617F	1	0	0	34	0	02.01.1942	F	7.8	22.06.2012	03.06.2014	Promega	11.04.2008			15.2	12.05	566	no		TruSeq_RNA-seq_v2	100	91.11	58588526	BSF0123-7,BSF0125-2	14	D	
1	P094B#A	H_0747B	B	CC2	PMF	JAK2-V617F	1	0	0	82	0	02.04.1940	M	9.3	26.02.2012	02.06.2014	Promega	07.03.2010			13.6	9.17	612	yes	24.01.2012	TruSeq_RNA-seq_v2	100	89.36	61679237	BSF0123-2,BSF0125-7	4	C	
1	P088A#A	H_0728A	A	CC2	PV	JAK2-V617F	1	0	0	95	0	02.06.1948	M	8.2	31.01.2012	27.03.2013	Promega									TruSeq_RNA-seq_v2	100	90.35	57183358	BSF0122-8,BSF0124-1	15	D	
1	P101A#A	H_0778A	A	CC2	ET	JAK2-V617F	1	0	0	36	0	02.06.1969	F	7.8	24.04.2012	02.06.2014	Promega	14.01.2010			17.6	9.96	951	no		TruSeq_RNA-seq_v2	100	91.45	51360062	BSF0123-5,BSF0125-4	10	E	
1	P069A#A	H_0444A	A	CC2	PMF	JAK2-V617F	1	0	0	62	0	02.11.1944	M	9.5	07.03.2007	01.07.2014	Phenol	09.11.2000		05.01.2008	8.8	5.33	161	no		TruSeq_RNA-seq_v2	100	90.26	41668434	BSF0123-6,BSF0125-3	12	D	
1	P004A#A	H_0019A	A	CC2	ET	JAK2-V617F	1	0	0	30	0	03.08.1946	F	7.6	21.06.2006	27.06.2014	Phenol	23.06.1998		25.03.2009	11.6	14.3	905	no		TruSeq_RNA-seq_v2	100	87.01	42849236	BSF0123-7,BSF0125-2	14	A	
1	P099A#A	H_0767A	A	CC2	PMF	CALR-type1	0	1	0	0	53.9	04.02.1942	M	10	20.03.2012	03.09.2013	Promega	30.11.2011			15	9.81	536	no		TruSeq_RNA-seq_v2	100	90.56	40591450	BSF0123-4,BSF0125-5	8	E	
1	P078A#A	H_0538A	A	CC2	PMF	JAK2-V617F	1	0	0	52	0	04.05.1943	M	9.1	27.06.2012	03.06.2014	Promega	10.07.1993			14.6	8.1	524	yes	15.06.2011	TruSeq_RNA-seq_v2	100	91.12	56737354	BSF0122-7,BSF0124-2	13	D	
1	P011D#A	H_0062D	D	CC2	ET	JAK2-V617F	1	0	0	41	0	04.07.1952	F	7.2	25.04.2012	02.06.2014	unknown	13.01.1986			13.9	8.9	1550	no		TruSeq_RNA-seq_v2	100	89.9	64917030	BSF0122-2,BSF0124-7	3	F	
1	P031A#A	H_0166A	A	CC2	ET	JAK2-V617F	1	0	0	42	0	05.02.1929	M	8.8	02.05.2006		Trizol	17.08.2004		08.02.2010	12.6	7.8	491	no		TruSeq_RNA-seq_v2	100	89.73	37704754	BSF0123-2,BSF0125-7	4	F	
1	P091A#A	H_0738A	A	CC2	PV	JAK2-V617F	1	0	0	95	0	05.02.1936	F	8.3	27.02.2012	27.03.2013	Promega									TruSeq_RNA-seq_v2	100	86.98	70803453	BSF0123-1,BSF0125-8	2	C	
1	P089B#A	H_0731B	B	CC2	PMF	JAK2-V617F	1	0	0	65	0	05.02.1967	F	9	03.02.2012	31.05.2014	unknown	10.05.2010			13.5	7.95	326	no		TruSeq_RNA-seq_v2	100	90.27	67478843	BSF0123-8,BSF0125-1	16	C	
1	P003B#A	H_0016B	B	CC2	PMF	CALR-type1	0	1	0	0	54.3	05.03.1947	F	6.7	06.03.2012	02.06.2014	Promega	28.09.2005			12.9	7.25	1000	no		TruSeq_RNA-seq_v2	100	84.88	34446508	BSF0123-5,BSF0125-4	10	C	
1	P106A#A	H_0805A	A	CC2	PMF	CALR-type2	0	1	0	0	56.9	05.12.1927	M	8.1	03.07.2012	03.06.2014	Promega	10.12.2009			10.4	8.09	402	no		TruSeq_RNA-seq_v2	100	89.94	65085992	BSF0122-8,BSF0124-1	15	B	
1	P079C#A	H_0580C	C	CC2	ET	JAK2-V617F	1	0	0	70	0	06.01.1937	M	8.7	28.02.2012	31.05.2014	Promega	18.08.1998		12.07.2012	15.8	11.3	436	no		TruSeq_RNA-seq_v2	100	89.6	40537326	BSF0123-2,BSF0125-7	4	E	
1	P097A#A	H_0752A	A	CC2	ET	Triple-neg	0	0	0	0	0	06.03.1959	M	8.6	08.03.2012	02.06.2014	Promega	09.02.2011			15.6	13.29	668	no		TruSeq_RNA-seq_v2	100	90.85	49775819	BSF0122-4,BSF0124-5	7	F	
1	P014A#A	H_0075A	A	CC2	ET	JAK2-V617F	1	0	0	42	0	06.05.1940	F	8.3	30.05.2006	27.06.2014	Trizol	22.05.2000			15.2	9.7	725	no		TruSeq_RNA-seq_v2	100	88.88	58931691	BSF0122-3,BSF0124-6	5	E	
1	P086A#A	H_0705A	A	CC2	PV	JAK2-V617F	1	0	0	94	0	07.06.1942	M	7.1	20.01.2012	27.03.2013	Promega									TruSeq_RNA-seq_v2	100	90.18	48659488	BSF0122-6,BSF0124-3	11	B	
1	P037B#A	H_0187B	B	CC2	PMF	CALR-type2	0	1	0	0	43.8	07.10.1937	M	8	02.07.2012	03.06.2014	Phenol	29.05.2002			14.7	9.29	1145	no		TruSeq_RNA-seq_v2	100	90.55	43111005	BSF0123-4,BSF0125-5	8	D	
1	P062A#A	H_0374A	A	CC2	ET	Triple-neg	0	0	0	0	0	07.12.1948	F	8.5	19.12.2006		Phenol	06.12.2006			11.4	6.65	580	no		TruSeq_RNA-seq_v2	100	90.65	37688109	BSF0123-4,BSF0125-5	8	C	
1	P033C#A	H_0172C	C	CC2	PMF	CALR-type2	0	1	0	0	43.2	08.01.1941	F	8	05.06.2012	03.06.2014	Trizol	07.01.1998			12.2	11.5	1850	yes	22.03.2001	TruSeq_RNA-seq_v2	100	89.7	44170952	BSF0123-3,BSF0125-6	6	D	
1	P103A#A	H_0797A	A	CC2	ET	JAK2-V617F	1	0	0	40	0	08.04.1968	F	9	11.06.2012	03.06.2014	Promega	02.01.2010			12.6	6.4	540	no		TruSeq_RNA-seq_v2	100	90.53	46114331	BSF0123-6,BSF0125-3	12	F	
1	P068A#A	H_0443A	A	CC2	ET	CALR-type1	0	1	0	0	49.5	08.06.1963	M	8.4	07.03.2007	01.07.2014	Phenol	13.02.2007			14.6	13.5	1306	no		TruSeq_RNA-seq_v2	100	90.47	50022032	BSF0122-6,BSF0124-3	11	F	
1	P018A#A	H_0102A	A	CC2	ET	JAK2-V617F	1	0	0	26	0	08.07.1954	M	8.7	23.12.2005	27.06.2014	Max Well; Phenol	08.08.2003			13.4	10	770	yes	28.11.2003	TruSeq_RNA-seq_v2	100	87.92	39679620	BSF0122-5,BSF0124-4	9	A	
1	P107A#A	H_0808A	A	CC2	PMF	JAK2-V617F	1	0	0	81	0	08.10.1939	M	8.4	13.07.2012	03.06.2014	Promega	23.02.2012			11.2	12.3	1262	no		TruSeq_RNA-seq_v2	100	88.89	42658433	BSF0123-8,BSF0125-1	16	A	
1	P038A#A	H_0189A	A	CC2	PV	JAK2-V617F	1	0	0	63	0	09.07.1938	M	10	14.03.2006	26.04.2013	Trizol									TruSeq_RNA-seq_v2	100	88.01	50725247	BSF0122-5,BSF0124-4	9	E	
1	P040B#A	H_0201B	B	CC2	PMF	CALR-type1	0	1	0	0	70.2	09.09.1939	M	7.7	14.06.2012	03.06.2014	unknown	04.05.2002			14.2	9.51	600	no		TruSeq_RNA-seq_v2	100	90.84	43498865	BSF0122-6,BSF0124-3	11	A	
1	P072A#A	H_0462A	A	CC2	PV	JAK2-V617F	1	0	0	66	0	09.10.1939	F	10	11.06.2007		Max Well									TruSeq_RNA-seq_v2	100	90.13	52747771	BSF0123-7,BSF0125-2	14	B	
1	P028B#A	H_0161B	B	CC2	ET	JAK2-V617F	1	0	0	33	0	10.10.1959	M	8.2	29.06.2012	03.06.2014	Trizol	17.12.2004			15.6	11.3	1122	no		TruSeq_RNA-seq_v2	100	88.33	49524236	BSF0122-1,BSF0124-8	1	D	
1	P098A#A	H_0722A	A	CC2	PMF	CALR-type1	0	1	0	0	21.29	11.02.1943	F	7.8	16.03.2012		Promega				13.1	13.39	1131	no		TruSeq_RNA-seq_v2	100	86.82	39532321	BSF0123-7,BSF0125-2	14	F	
0	P054A#A	H_0329A	A	CC2	PMF	JAK2-ex12	1	0	0	0	0	11.12.1968	F	8	02.05.2006		Trizol	18.11.2003			14.4	7.6	900	no		TruSeq_RNA-seq_v2	100	90.49	42225764	BSF0123-1,BSF0125-8	2	F	
1	P015A#A	H_0098A	A	CC2	PMF	CALR-type1	0	1	0	0	54.8	12.06.1927	F	8.4	22.12.2005		Trizol	09.05.2005		10.04.2009	11.7	8.35	964	no		TruSeq_RNA-seq_v2	100	89.86	45424098	BSF0123-3,BSF0125-6	6	C	
1	P073A#A	H_0467A	A	CC2	PMF	JAK2-V617F	1	0	0	29	0	12.06.1957	F	9.5	19.06.2007	01.07.2014	Max Well	11.05.2001			14.7	7.7	1095	no		TruSeq_RNA-seq_v2	100	87.85	50896760	BSF0122-8,BSF0124-1	15	E	
1	P005C#A	H_0020C	C	CC2	ET	CALR-type2	0	1	0	0	43.8	12.08.1947	F	8.1	12.06.2012	03.06.2014	Promega	11.05.1999			13.2	9.99	643	no		TruSeq_RNA-seq_v2	100	88.35	50801618	BSF0122-8,BSF0124-1	15	A	
1	P084A#A	H_0687A	A	CC2	PV	JAK2-V617F	1	0	0	91	0	13.03.1940	M	10	22.05.2012	26.04.2013	Promega									TruSeq_RNA-seq_v2	100	90.6	46405101	BSF0122-5,BSF0124-4	9	D	
1	P016A#A	H_0099A	A	CC2	ET	JAK2-V617F	1	0	0	82	0	13.06.1921	F	9.5	20.12.2005	27.06.2014	Trizol	07.02.1992		02.02.2007	14.2	11.3	1050	yes	03.05.1995	TruSeq_RNA-seq_v2	100	87.33	55706217	BSF0122-4,BSF0124-5	7	E	
1	P024A#A	H_0135A	A	CC2	PV	JAK2-V617F	1	0	0	100	0	13.06.1941	M	7	21.02.2006	27.03.2013	Phenol									TruSeq_RNA-seq_v2	100	90.27	40112834	BSF0123-7,BSF0125-2	14	C	
1	P066A#A	H_0390A	A	CC2	ET	CALR-type1	0	1	0	0	54	13.07.1943	M	7.6	25.01.2007	20.02.2007	Phenol	25.01.2007			14.2	7.3	838	no		TruSeq_RNA-seq_v2	100	89.99	53867230	BSF0123-5,BSF0125-4	10	F	
1	P100A#A	H_0772A	A	CC2	PMF	JAK2-V617F	1	0	0	51	0	14.09.1938	M	10	27.03.2012	03.09.2013	Promega	17.04.2008			11.8	6.82	220	no		TruSeq_RNA-seq_v2	100	90.51	49997560	BSF0122-5,BSF0124-4	9	B	
1	P077C#A	H_0510C	C	CC2	PMF	CALR-type1	0	1	0	0	52.9	14.12.1955	M	7.8	25.04.2012	03.06.2014	Promega	13.02.1985			15.7	7.9	785	no		TruSeq_RNA-seq_v2	100	88.34	58572882	BSF0122-2,BSF0124-7	3	D	
1	P082B#A	H_0672B	B	CC2	PMF	CALR-type1	0	1	0	0	47.1	15.01.1974	F	8.4	04.11.2013	03.06.2014	unknown	01.12.2009			11.5	5.82	243	no		TruSeq_RNA-seq_v2	100	91.56	60465290	BSF0122-4,BSF0124-5	7	B	
1	P076B#A	H_0504B	B	CC2	ET	JAK2-V617F	1	0	0	18	0	15.09.1939	F	7.7	22.02.2012	31.05.2014	Promega	02.12.2008			13.7	7.9	774	no		TruSeq_RNA-seq_v2	100	87.54	37384682	BSF0123-1,BSF0125-8	2	E	
1	P043C#A	H_0210C	C	CC2	PV	JAK2-V617F	1	0	0	49	0	17.03.1945	F	8.7	27.01.2006		Trizol									TruSeq_RNA-seq_v2	100	88.88	55370796	BSF0122-7,BSF0124-2	13	F	
1	P085A#A	H_0698A	A	CC2	PMF	CALR-type1	0	1	0	0	51.4	17.03.1968	F	8.1	23.02.2012	31.05.2014	Promega	13.01.2010			13.4	5.78	824	yes	15.01.2011	TruSeq_RNA-seq_v2	100	90.34	43183937	BSF0123-5,BSF0125-4	10	A	
1	P074B#A	H_0472B	B	CC2	PMF	JAK2-V617F	1	0	0	22	0	17.05.1942	M	8.1	24.04.2012	02.06.2014	unknown	08.02.2007			15.1	14.39	1322	no		TruSeq_RNA-seq_v2	100	88.85	71718676	BSF0123-8,BSF0125-1	16	D	
1	P061A#A	H_0371A	A	CC2	ET	CALR-type1	0	1	0	0	34.6	18.04.1935	M	7	14.12.2006		Phenol	14.12.2006			12.3	9.8	786	no		TruSeq_RNA-seq_v2	100	88.07	42407031	BSF0122-4,BSF0124-5	7	A	
1	P030C#A	H_0164C	C	CC2	ET	CALR-type2	0	1	0	0	46.9	18.10.1947	M	8.2	21.02.2012	31.05.2014	Promega	04.11.1995			14.6	6.87	1160	yes	03.09.1997	TruSeq_RNA-seq_v2	100	90.98	41363790	BSF0122-2,BSF0124-7	3	A	
1	P104A#A	H_0798A	A	CC2	PMF	JAK2-V617F	1	0	0	20	0	19.06.1948	F	7.8	12.06.2012	03.06.2014	Promega	03.01.2012			13.8	9.48	689	no		TruSeq_RNA-seq_v2	100	90.97	59661114	BSF0122-7,BSF0124-2	13	B	
1	P036A#A	H_0186A	A	CC2	ET	JAK2-V617F	1	0	0	52	0	19.12.1925	F	6.7	09.05.2006	27.06.2014	Trizol	14.05.1991		15.06.2009	13.9	10.5	1117	no		TruSeq_RNA-seq_v2	100	89.85	27302765	BSF0122-1,BSF0124-8	1	C	
1	P022A#A	H_0118A	A	CC2	ET	CALR-type2	0	1	0	0	49.6	20.01.1938	F	7.8	25.11.2005		Max Well	16.03.1995		04.04.2008	11.7	6.82	839	no		TruSeq_RNA-seq_v2	100	89	37506258	BSF0123-6,BSF0125-3	12	E	
1	P059B#A	H_0353B	B	CC2	PMF	JAK2-V617F	1	0	0	32	0	20.02.1965	M	8.6	05.05.2012	17.07.2012	Phenol	16.01.2004			16	10.2	810	no		TruSeq_RNA-seq_v2	100	89.83	53658601	BSF0122-3,BSF0124-6	5	F	
1	P063A#A	H_0384A	A	CC2	PV	JAK2-V617F	1	0	0	99	0	21.01.1939	M	10	09.01.2007		Phenol									TruSeq_RNA-seq_v2	100	90	82332395	BSF0122-5,BSF0124-4	9	F	
1	P017B#A	H_0101B	B	CC2	PV	JAK2-V617F	1	0	0	100	0	21.03.1957	F	10	28.01.2008		Promega									TruSeq_RNA-seq_v2	100	90.5	37987512	BSF0123-4,BSF0125-5	8	F	
1	P050B#A	H_0287B	B	CC2	ET	JAK2-V617F	1	0	0	43	0	21.08.1933	F	9.4	05.10.2006	01.07.2014	Phenol	03.04.1996			14.8	6.69	653	no		TruSeq_RNA-seq_v2	100	88.59	31106359	BSF0123-8,BSF0125-1	16	F	
1	P010A#A	H_0060A	A	CC2	ET	JAK2-V617F	1	0	0	12	0	21.09.1955	F	8	17.01.2006		Trizol	15.06.1995			14.7	7.1	677	no		TruSeq_RNA-seq_v2	100	88.23	37525320	BSF0123-1,BSF0125-8	2	A	
1	P035C#A	H_0185C	C	CC2	ET	Triple-neg	0	0	0	0	0	22.02.1958	F	8	26.02.2014	03.06.2014	unknown	01.09.1995			14	15.65	1320	no		TruSeq_RNA-seq_v2	100	90.48	69104236	BSF0122-4,BSF0124-5	7	D	
1	P025A#A	H_0156A	A	CC2	PV	JAK2-V617F	1	0	0	98	0	22.07.1958	F	10	09.08.2006		Phenol									TruSeq_RNA-seq_v2	100	89.25	47753252	BSF0122-8,BSF0124-1	15	F	
1	P102A#A	H_0781A	A	CC2	PV	JAK2-V617F	1	0	0	100	0	23.03.1952	M	8.6	27.04.2012	27.03.2013	Promega									TruSeq_RNA-seq_v2	100	90.21	43491672	BSF0122-6,BSF0124-3	11	C	
1	P083B#A	H_0676B	B	CC2	ET	JAK2-V617F	1	0	0	48	0	23.07.1932	F	8.1	28.02.2012	31.05.2014	Promega	26.02.2008			13.3	8.98	642	yes	21.05.2008	TruSeq_RNA-seq_v2	100	90.33	103881580	BSF0123-4,BSF0125-5	8	B	
1	P002A#A	H_0014A	A	CC2	PV	JAK2-V617F	1	0	0	88	0	23.11.1921	F	10	20.06.2006	26.04.2013	Phenol									TruSeq_RNA-seq_v2	100	83.82	41356527	BSF0122-7,BSF0124-2	13	E	
1	P052A#A	H_0315A	A	CC2	ET	JAK2-V617F	1	0	0	35	0	24.01.1936	M	8.5	06.10.2006	01.07.2014	Phenol	25.09.2002			13.4	8.34	531	no		TruSeq_RNA-seq_v2	100	89.36	51635351	BSF0122-1,BSF0124-8	1	E	
1	P080B#A	H_0585B	B	CC2	PMF	CALR-type1	0	1	0	0	50.7	24.01.1975	F	8	24.01.2012	31.05.2014	Promega	07.12.2007			11.5	8.14	977	no		TruSeq_RNA-seq_v2	100	90.16	42601627	BSF0122-3,BSF0124-6	5	A	
1	P007A#A	H_0040A	A	CC2	PV	JAK2-V617F	1	0	0	87	0	24.12.1943	M	10	25.06.2008		Promega									TruSeq_RNA-seq_v2	100	89.78	47785216	BSF0123-6,BSF0125-3	12	B	
1	P081B#A	H_0597B	B	CC2	ET	JAK2-V617F	1	0	0	4	0	25.06.1930	F	8.2	26.03.2014	03.06.2014	Promega	13.01.1993			14.5	6.64	624	no		TruSeq_RNA-seq_v2	100	93.52	70517137	BSF0123-3,BSF0125-6	6	A	
1	P090A#A	H_0736A	A	CC2	PMF	JAK2-V617F	1	0	0	34	0	25.08.1962	F	7.6	27.02.2012	31.05.2014	Promega	24.11.2009			12.9	10.6	850	no		TruSeq_RNA-seq_v2	100	88.33	46326333	BSF0122-1,BSF0124-8	1	A	
1	P021A#A	H_0112A	A	CC2	PMF	CALR-type2	0	1	0	0	50.5	25.09.1945	F	7.2	06.12.2005	03.09.2013	Max Well	29.01.1988		23.04.2007	13.3	13.1	1161	yes	25.01.1993	TruSeq_RNA-seq_v2	100	85.15	42125558	BSF0122-6,BSF0124-3	11	E	
1	P071A#A	H_0458A	A	CC2	PV	JAK2-V617F	1	0	0	82	0	25.09.1969	F	10	14.05.2007		Max Well									TruSeq_RNA-seq_v2	100	89.79	42594487	BSF0122-7,BSF0124-2	13	C	
1	P049A#A	H_0284A	A	CC2	ET	CALR-type2	0	1	0	0	47.9	25.10.1953	F	8.1	03.10.2006	27.06.2014	Phenol	05.01.1996			13.6	14.45	829	no		TruSeq_RNA-seq_v2	100	89.17	56652773	BSF0122-8,BSF0124-1	15	C	
1	P027A#A	H_0158A	A	CC2	PMF	CALR-type1	0	1	0	0	49.8	26.09.1924	F	8.9	09.08.2006	27.06.2014	Phenol	19.10.2004			11.2	11.41	1226	yes	01.12.2009	TruSeq_RNA-seq_v2	100	88	37404234	BSF0123-8,BSF0125-1	16	B	
1	P019B#A	H_0103B	B	CC2	PMF	CALR-type1	0	1	0	0	59.1	26.09.1926	M	8.3	04.07.2012	03.06.2014	unknown	06.11.2002			10.6	7.7	568	yes	29.09.2005	TruSeq_RNA-seq_v2	100	91.41	52454697	BSF0123-5,BSF0125-4	10	D	
1	P013B#A	H_0067B	B	CC2	PMF	CALR-type1	0	1	0	0	54.3	26.12.1928	F	8.3	30.01.2012	31.05.2014	Promega	22.03.1994		10.04.2012	11	6.01	114	no		TruSeq_RNA-seq_v2	100	89.89	52835225	BSF0123-2,BSF0125-7	4	B	
1	P008C#A	H_0047C	C	CC2	ET	Triple-neg	0	0	0	0	0	27.01.1936	F	8.7	14.01.2014	03.06.2014	unknown	05.26.2004			14.6	5.8	624	no		TruSeq_RNA-seq_v2	100	88.98	61690286	BSF0122-1,BSF0124-8	1	B	
1	P095A#A	H_0749A	A	CC2	PV	JAK2-V617F	1	0	0	64	0	27.03.1940	F	10	06.03.2012	26.04.2013	Promega									TruSeq_RNA-seq_v2	100	89.14	52932636	BSF0122-3,BSF0124-6	5	B	
1	P047A#A	H_0171A	A	CC2	ET	CALR-type2	0	1	0	0	43.9	27.08.1939	F	6.3	24.04.2012	02.06.2014	Promega; Trizol	03.04.2002			14.6	5.35	769	no		TruSeq_RNA-seq_v2	100	91.27	46134397	BSF0122-3,BSF0124-7	5	C	
1	P047B#A	H_0244B	B	CC2	ET	CALR-type2	0	1	0	0	43.9	27.08.1939	F	6.3	24.04.2012	02.06.2014	Promega; Trizol	03.04.2002			14.6	5.35	769	no		TruSeq_RNA-seq_v2	100	91.12	45701694	BSF0122-2,BSF0124-6	3	C	
1	P057A#A	H_0344A	A	CC2	ET	CALR-type2	0	1	0	0	50.2	28.10.1938	F	8.1	09.12.2005		Trizol	22.09.2004			14.4	9.4	889	no		TruSeq_RNA-seq_v2	100	90.08	46576692	BSF0123-2,BSF0125-7	4	A	
1	P020A#A	H_0104A	A	CC2	PMF	CALR-type2	0	1	0	0	45.8	29.09.1944	F	7.6	19.12.2006		Trizol	08.08.2002			12.2	8.9	1182	no		TruSeq_RNA-seq_v2	100	88.99	46357755	BSF0123-6,BSF0125-3	12	C	
1	P096A#A	H_0751A	A	CC2	PMF	CALR-type2	0	1	0	0	44.4	30.11.1950	F	10	08.03.2012	03.09.2013	Promega	02.07.2003			12.3	10.3	567	no		TruSeq_RNA-seq_v2	100	90.47	53821503	BSF0123-3,BSF0125-6	6	B	
1	C001A#A	CeMM_D01	A	CC2	Control	wt	0	0	0	0	0		F	10	16.05.2013	16.05.2013	unknown									TruSeq_RNA-seq_v2	100	90.1	71384242	BSF0122-6,BSF0124-3	11	D	
1	C010A#A	CeMM_D05	A	CC2	Control	wt	0	0	0	0	0		F	10	16.05.2013	16.05.2013	unknown									TruSeq_RNA-seq_v2	100	86.07	34228379	BSF0123-4,BSF0125-5	8	A	
1	P111A#D	635b	A	JM	AML	JAK2-V617F	1	0	0	1.6	0	06.09.1934	M		23.12.2005	31.01.2006	Trizol	01.03.2005	25.12.2005							TruSeq_RNA-seq_v2	100	92.63	40839998	SET_53	PLEX_83		C248CACXX
1	P115A#D	MPC09_150	A	JM	AML	JAK2-V617F	1	0	0	98	0	09.06.1935	F		06.04.2009	20.04.2009	Trizol	01.10.1986	02.04.2009							TruSeq_RNA-seq_v2	100	93.59	31516085	SET_53	PLEX_83		C248CACXX
1	P108A#D	112c	A	JM	AML	JAK2-V617F	1	0	0	49	0	10.03.1921	F		02.05.2006	31.05.2006	Trizol	24.07.2003	09.02.2006							TruSeq_RNA-seq_v2	100	87.88	27296312	SET_53	PLEX_83		C248CACXX
1	P109A#D	488e	A	JM	AML	JAK2-V617F	1	0	0	56	0	12.01.1933	M		19.05.2006	31.05.2006	Trizol	27.01.2004	19.05.2006							TruSeq_RNA-seq_v2	100	88.75	43946995	SET_53	PLEX_83		C248CACXX
1	P110A#D	501b	A	JM	AML	JAK2-V617F	1	0	0	56	0	16.03.1927	F		14.12.2005	31.12.2005	Trizol	15.06.1989	14.12.2005							TruSeq_RNA-seq_v2	100	85.23	33335375	SET_53	PLEX_83		C248CACXX
1	P114A#D	MPC08_84	A	JM	AML	JAK2-V617F	1	0	0	65	0	20.01.1935	F		10.03.2008	24.04.2008	Trizol	01.10.1990	10.03.2008							TruSeq_RNA-seq_v2	100	92.05	41024555	SET_53	PLEX_83		C248CACXX
1	P112A#D	MPC07_207	A	JM	AML	JAK2-V617F	1	0	0	94	0	25.09.1950	M		19.04.2007	30.04.2007	Trizol	23.01.1990	17.04.2007							TruSeq_RNA-seq_v2	100	92.23	33482728	SET_53	PLEX_83		C248CACXX
1	P113A#D	MPC07_407	A	JM	AML	JAK2-V617F	1	0	0	71	0	27.06.1933	M		28.09.2007	24.10.2007	Trizol	10.10.1998	28.09.2007							TruSeq_RNA-seq_v2	100	93.2	61272500	SET_53	PLEX_83		C248CACXX
1	P116A#D	MPC10_372	A	JM	AML	MPL	0	0	1	0	0	27.11.1927	M		20.08.2010	15.09.2010	Trizol	29.05.1997	20.08.2010							TruSeq_RNA-seq_v2	100	94.14	34847560	SET_53	PLEX_83		C248CACXX
1	P060B#B	H_0362B	B	TK	PMF	CALR-type1	0	1	0	0	50	01.04.1956	M		22.06.2012		unknown	19.09.2005								TruSeq_RNA-seq_v2	100	94.17	24308463	SET_44	PLEX_61		C1NW4ACXX
1	P056A#B	H_0334A	A	TK	PMF	JAK2-V617F	1	0	0	40	0	01.09.1962	F		26.04.2006		unknown									TruSeq_RNA-seq_v2	100	93.7	24463500	SET_44	PLEX_61		C1NW4ACXX
1	P067A#B	H_0436A	A	TK	PMF	JAK2-V617F	1	0	0	44	0	02.12.1935	M		26.02.2007		unknown									TruSeq_RNA-seq_v2	100	83.46	28908470	SET_44	PLEX_62		C1NW4ACXX
1	P058A#B	H_0349A	A	TK	PMF	JAK2-V617F	1	0	0	59	0	04.04.1929	F		27.10.2006		unknown									TruSeq_RNA-seq_v2	100	93.46	36479567	SET_44	PLEX_62		C1NW4ACXX
1	P039C#B	H_0191C	C	TK	PMF	CALR-type1	0	1	0	0	65.1	04.10.1955	F		13.03.2012		unknown	03.05.2001								TruSeq_RNA-seq_v2	100	92.84	16099934	SET_44	PLEX_61		C1NW4ACXX
1	P009A#B	H_0059A	A	TK	PMF	JAK2-V617F	1	0	0	48	0	09.01.1921	F		16.01.2006		unknown									TruSeq_RNA-seq_v2	100	94.25	25271418	SET_44	PLEX_61		C1NW4ACXX
1	P064A#B	H_0385A	A	TK	PMF	JAK2-V617F	1	0	0	21	0	09.08.1926	M		17.01.2007		unknown									TruSeq_RNA-seq_v2	100	94.26	21073707	SET_44	PLEX_61		C1NW4ACXX
1	P041C#B	H_0202C	C	TK	PMF	CALR-type2	0	1	0	0		10.10.1937	F		30.04.2012		unknown	22.06.2005								TruSeq_RNA-seq_v2	100	93.62	40598772	SET_44	PLEX_62		C1NW4ACXX
1	P044A#B	H_0218A	A	TK	PMF	JAK2-V617F	1	0	0	62	0	10.11.1927	F		30.01.2006		unknown									TruSeq_RNA-seq_v2	100	94.17	24596186	SET_44	PLEX_61		C1NW4ACXX
1	P001B#B	H_0010B	B	TK	PMF	CALR-type2	0	1	0	0	47.7	12.05.1922	M		08.05.2008		unknown									TruSeq_RNA-seq_v2	100	94.41	36741218	SET_44	PLEX_62		C1NW4ACXX
1	P042A#B	H_0204A	A	TK	PMF	JAK2-V617F	1	0	0	44	0	12.12.1947	M		05.09.2006		unknown									TruSeq_RNA-seq_v2	100	93.89	35079544	SET_44	PLEX_62		C1NW4ACXX
1	P051D#B	H_0296D	D	TK	PMF	CALR-type1	0	1	0	0		13.06.1933	M		22.05.2012		unknown	08.03.1994								TruSeq_RNA-seq_v2	100	94.01	33225430	SET_44	PLEX_62		C1NW4ACXX
1	P026A#B	H_0157A	A	TK	PMF	JAK2-V617F	1	0	0	51	0	14.12.1933	F		09.08.2006		unknown									TruSeq_RNA-seq_v2	100	93.87	26178050	SET_44	PLEX_61		C1NW4ACXX
1	P046C#B	H_0238C	C	TK	PMF	JAK2-V617F	1	0	0	10	0	18.09.1939	M		30.05.2012		unknown	22.06.2005								TruSeq_RNA-seq_v2	100	94.25	22666162	SET_44	PLEX_61		C1NW4ACXX
1	P034A#B	H_0183A	A	TK	PMF	JAK2-V617F	1	0	0	59	0	24.06.1951	F		10.03.2006		unknown									TruSeq_RNA-seq_v2	100	93.35	36169534	SET_44	PLEX_62		C1NW4ACXX
1	P055C#B	H_0333C	C	TK	PMF	CALR-type2	0	1	0	0	49.5	26.05.1950	F		28.02.2012		unknown	06.11.1992								TruSeq_RNA-seq_v2	100	93.86	36202968	SET_44	PLEX_62		C1NW4ACXX
1	P065C#B	H_0386C	C	TK	PMF	CALR-type2	0	1	0	0	46.2	27.10.1962	F		22.06.2012		unknown	27.06.1986								TruSeq_RNA-seq_v2	100	93.77	30363751	SET_44	PLEX_62		C1NW4ACXX
1	P053A#B	H_0320A	A	TK	PMF	JAK2-V617F	1	0	0	46	0	28.08.1952	F		18.10.2006		unknown									TruSeq_RNA-seq_v2	100	94.58	38792226	SET_44	PLEX_62		C1NW4ACXX
1	C002A#B	CEMM_12	A	TK	Control	wt	0	0	0	0	0		M				unknown									TruSeq_RNA-seq_v2	100	94.63	26185526	SET_44	PLEX_60		C1NW4ACXX
1	C003A#B	CEMM_13	A	TK	Control	wt	0	0	0	0	0		M				unknown									TruSeq_RNA-seq_v2	100	94.83	36445277	SET_44	PLEX_60		C1NW4ACXX
1	C005A#B	CEMM_38	A	TK	Control	wt	0	0	0	0	0		F				unknown									TruSeq_RNA-seq_v2	100	94.34	27562307	SET_44	PLEX_60		C1NW4ACXX
1	C006A#B	CEMM_21	A	TK	Control	wt	0	0	0	0	0		M				unknown									TruSeq_RNA-seq_v2	100	94.5	22936639	SET_44	PLEX_60		C1NW4ACXX
1	C007A#B	CEMM_28	A	TK	Control	wt	0	0	0	0	0		M				unknown									TruSeq_RNA-seq_v2	100	94.73	28401407	SET_44	PLEX_60		C1NW4ACXX
1	C008A#B	CEMM_9	A	TK	Control	wt	0	0	0	0	0		F				unknown									TruSeq_RNA-seq_v2	100	94.4	20335382	SET_44	PLEX_60		C1NW4ACXX
1	C009A#B	CEMM_51	A	TK	Control	wt	0	0	0	0	0		M				unknown									TruSeq_RNA-seq_v2	100	94.6	25673828	SET_44	PLEX_60		C1NW4ACXX
